u,v,p
0,0,-0.0284581
0,0,-0.0284581
0,0,-0.0292694
0,0,-0.030037
0,0,-0.0308917
0,0,-0.0315317
0,0,-0.0319298
0,0,-0.0319871
0,0,-0.0316829
0,0,-0.0309945
0,0,-0.0299254
0,0,-0.0284856
0,0,-0.0266956
0,0,-0.0245813
0,0,-0.0221734
0,0,-0.0195058
0,0,-0.0166154
0,0,-0.0135408
0,0,-0.0103226
0,0,-0.00700302
0,0,-0.00362529
0,0,-0.000233922
0,0,0.00312578
0,0,0.00640788
0,0,0.00956624
0,0,0.012555
0,0,0.0153291
0,0,0.0178453
0,0,0.0200631
0,0,0.0219457
0,0,0.0234627
0,0,0.0245903
0,0,0.0253169
0,0,0.02564
0,0,0.0255847
0,0,0.0251763
0,0,0.024519
0,0,0.0236461
0,0,0.0228638
0,0,0.0220469
0,0,0.0220469
0,0,-0.0284581
-2.1289e-06,3.07019e-06,-0.0284581
-9.81345e-05,0.000114241,-0.0292694
-0.000376141,0.000243378,-0.030037
-0.000807097,0.00036527,-0.0308917
-0.0013806,0.000463937,-0.0315317
-0.0020601,0.000537169,-0.0319298
-0.00281668,0.000585091,-0.0319871
-0.0036189,0.000610305,-0.0316829
-0.00444021,0.000615635,-0.0309945
-0.0052566,0.000604066,-0.0299254
-0.00604784,0.000578312,-0.0284856
-0.00679677,0.000540802,-0.0266956
-0.00748913,0.000493628,-0.0245813
-0.00811314,0.000438566,-0.0221734
-0.00865917,0.000377106,-0.0195058
-0.00911943,0.000310503,-0.0166154
-0.00948767,0.000239821,-0.0135408
-0.00975901,0.000165984,-0.0103226
-0.00992976,8.9832e-05,-0.00700302
-0.00999735,1.21617e-05,-0.00362529
-0.00996033,-6.62235e-05,-0.000233922
-0.00981837,-0.000144473,0.00312578
-0.00957235,-0.000221646,0.00640788
-0.00922453,-0.000296675,0.00956624
-0.0087787,-0.000368331,0.012555
-0.00824044,-0.000435186,0.0153291
-0.00761736,-0.00049559,0.0178453
-0.00691942,-0.000547646,0.0200631
-0.00615922,-0.000589198,0.0219457
-0.00535227,-0.000617839,0.0234627
-0.00451738,-0.000630919,0.0245903
-0.00367654,-0.000625636,0.0253169
-0.00285559,-0.000599072,0.02564
-0.00208273,-0.000548636,0.0255847
-0.0013906,-0.00047212,0.0251763
-0.000808815,-0.000369924,0.024519
-0.000373839,-0.000244871,0.0236461
-9.53407e-05,-0.000113556,0.0228638
-6.8936e-07,-1.78275e-06,0.0220469
0,0,0.0220469
0,0,-0.0276502
-0.000111128,9.79735e-05,-0.0276502
-0.00040401,0.000407736,-0.0284688
-0.000996836,0.000746222,-0.0290176
-0.00183529,0.00106271,-0.02965
-0.00290448,0.00132159,-0.030059
-0.00414864,0.00151605,-0.0302718
-0.00552175,0.00164507,-0.0301932
-0.00697253,0.00171386,-0.0298107
-0.00845591,0.00172886,-0.0290984
-0.0099304,0.00169734,-0.0280559
-0.0113602,0.00162622,-0.0266874
-0.0127146,0.00152191,-0.0250073
-0.0139675,0.00139006,-0.0230354
-0.0150973,0.00123559,-0.0207972
-0.0160863,0.00106269,-0.0183216
-0.0169199,0.000874948,-0.0156412
-0.0175865,0.000675431,-0.0127907
-0.018077,0.000466852,-0.00980739
-0.0183848,0.000251673,-0.00673013
-0.018505,3.22481e-05,-0.00359926
-0.0184353,-0.000189064,-0.000456227
-0.0181752,-0.000409773,0.00265675
-0.0177265,-0.000627151,0.00569708
-0.0170938,-0.000838126,0.00862229
-0.0162843,-0.00103918,0.0113906
-0.0153085,-0.00122629,0.0139616
-0.0141806,-0.00139482,0.016297
-0.012919,-0.00153951,0.0183622
-0.0115466,-0.00165446,0.0201266
-0.0100915,-0.00173321,0.021566
-0.00858703,-0.00176878,0.0226632
-0.00707191,-0.00175401,0.0234126
-0.00559055,-0.00168184,0.0238153
-0.0041906,-0.00154643,0.0238994
-0.00292532,-0.00134359,0.0236808
-0.00184184,-0.00107567,0.0232595
-0.00099581,-0.000751047,0.0226136
-0.00040105,-0.000406845,0.0220535
-0.000109356,-9.52035e-05,0.0212313
0,0,0.0212313
0,0,-0.0268697
-0.000240046,0.000373225,-0.0268697
-0.000745088,0.00100016,-0.0279324
-0.00165705,0.0016515,-0.0284936
-0.00288172,0.00225244,-0.029144
-0.0043992,0.00274767,-0.0295243
-0.00613749,0.00312235,-0.0297098
-0.00803861,0.00337308,-0.0296033
-0.0100371,0.00350718,-0.0292038
-0.0120747,0.0035355,-0.0284864
-0.014097,0.00347095,-0.0274527
-0.0160566,0.00332642,-0.0261064
-0.0179121,0.00311419,-0.0244611
-0.0196283,0.00284536,-0.0225352
-0.0211759,0.00252975,-0.0203526
-0.0225302,0.00217587,-0.0179407
-0.0236715,0.00179112,-0.0153303
-0.0245837,0.00138188,-0.012555
-0.0252543,0.000953867,-0.00965039
-0.025674,0.00051227,-0.00665416
-0.0258365,6.20673e-05,-0.00360538
-0.0257384,-0.000391754,-0.000544275
-0.0253794,-0.000843961,0.00248813
-0.0247623,-0.00128885,0.00545048
-0.0238934,-0.00172005,0.00830157
-0.0227829,-0.00213032,0.0110009
-0.0214454,-0.00251141,0.0135096
-0.0199005,-0.00285395,0.0157908
-0.0181733,-0.00314739,0.0178113
-0.016295,-0.00338003,0.0195419
-0.0143034,-0.00353922,0.0209599
-0.012243,-0.00361164,0.0220484
-0.0101651,-0.00358397,0.0228027
-0.00812762,-0.00344367,0.0232214
-0.0061922,-0.00318106,0.0233318
-0.0044268,-0.0027907,0.0231388
-0.00289083,-0.00227853,0.022744
-0.00165623,-0.00166225,0.0220781
-0.000741544,-0.000999974,0.0215039
-0.00023784,-0.000369013,0.0204373
0,0,0.0204373
0,0,-0.0259764
-0.000366834,0.000805048,-0.0259764
-0.00107941,0.00184829,-0.0273087
-0.00229987,0.00288252,-0.0278892
-0.0038868,0.00381858,-0.0285669
-0.00581383,0.00458815,-0.0289185
-0.00799275,0.00517024,-0.0290752
-0.0103561,0.00555968,-0.0289376
-0.0128274,0.00576608,-0.0285185
-0.0153386,0.00580495,-0.0277947
-0.0178257,0.00569528,-0.0267705
-0.0202323,0.00545666,-0.0254489
-0.0225092,0.0051081,-0.0238432
-0.0246139,0.00466708,-0.0219699
-0.026511,0.00414928,-0.0198512
-0.0281706,0.00356849,-0.0175126
-0.0295686,0.00293675,-0.0149831
-0.0306854,0.00226463,-0.0122944
-0.0315058,0.00156159,-0.00948056
-0.0320185,0.000836274,-0.00657763
-0.0322158,9.70025e-05,-0.00362319
-0.0320938,-0.000647915,-0.000656028
-0.0316519,-0.00138978,0.00228426
-0.030894,-0.00211915,0.00515776
-0.0298277,-0.00282553,0.00792474
-0.0284656,-0.00349706,0.0105463
-0.0268256,-0.0041203,0.012985
-0.0249316,-0.0046801,0.0152058
-0.022814,-0.0051595,0.0171771
-0.0205105,-0.00553993,0.0188712
-0.0180662,-0.00580147,0.0202667
-0.0155345,-0.00592351,0.0213474
-0.012976,-0.00588582,0.0221086
-0.0104588,-0.00566996,0.0225464
-0.00805515,-0.0052622,0.0226863
-0.00584438,-0.00465587,0.0225196
-0.00389573,-0.00386002,0.0221505
-0.00229739,-0.00290004,0.0214545
-0.00107423,-0.00184864,0.0208584
-0.000363758,-0.00079886,0.019522
0,0,0.019522
0,0,-0.0252531
-0.00047912,0.00139253,-0.0252531
-0.00138112,0.00295511,-0.0268895
-0.00288912,0.00444477,-0.0275427
-0.004813,0.00576683,-0.0283087
-0.0071182,0.00684667,-0.0286873
-0.00969921,0.00765991,-0.0288613
-0.0124795,0.00820127,-0.0287254
-0.0153724,0.00848341,-0.0283059
-0.0183018,0.00852713,-0.0275814
-0.021196,0.00835818,-0.0265603
-0.0239917,0.00800359,-0.0252465
-0.0266332,0.00748986,-0.0236539
-0.0290729,0.00684173,-0.0217989
-0.0312703,0.00608159,-0.0197033
-0.0331916,0.00522933,-0.0173916
-0.0348094,0.00430245,-0.0148922
-0.0361012,0.00331642,-0.0122357
-0.0370498,0.0022851,-0.00945537
-0.0376423,0.00122129,-0.00658632
-0.0378699,0.000137223,-0.00366536
-0.037728,-0.000954823,-0.000730554
-0.0372164,-0.00204204,0.0021792
-0.036339,-0.00311057,0.00502458
-0.0351047,-0.00414505,0.00776643
-0.033528,-0.00512818,0.0103663
-0.0316291,-0.00604048,0.0127872
-0.0294352,-0.00686002,0.0149944
-0.0269808,-0.00756248,0.0169564
-0.0243085,-0.00812135,0.0186455
-0.0214696,-0.00850849,0.0200398
-0.0185241,-0.00869507,0.021122
-0.01554,-0.00865317,0.0218861
-0.0125942,-0.00835779,0.0223242
-0.00976738,-0.00779058,0.0224601
-0.00714966,-0.006943,0.022272
-0.00481978,-0.00582578,0.0218707
-0.00288332,-0.00446955,0.0210812
-0.00137316,-0.00295528,0.020408
-0.000474654,-0.0013833,0.0187664
0,0,0.0187664
0,0,-0.0247214
-0.000577308,0.00211304,-0.0247214
-0.00165044,0.00429044,-0.0266511
-0.00342393,0.00630236,-0.0273874
-0.00566146,0.00805521,-0.0282553
-0.00831931,0.00947414,-0.0286751
-0.0112739,0.0105351,-0.0288785
-0.014439,0.0112352,-0.0287523
-0.0177183,0.0115916,-0.0283361
-0.0210282,0.0116314,-0.0276099
-0.02429,0.0113881,-0.0265863
-0.0274347,0.0108967,-0.0252707
-0.0304017,0.010192,-0.023678
-0.0331389,0.00930656,-0.021825
-0.0356021,0.0082702,-0.0197332
-0.0377545,0.00710945,-0.0174271
-0.039566,0.00584786,-0.0149341
-0.0410123,0.00450627,-0.0122845
-0.0420744,0.00310346,-0.00951098
-0.042738,0.00165678,-0.00664803
-0.0429938,0.000182833,-0.00373197
-0.0428364,-0.00130173,-0.000800441
-0.0422655,-0.00277954,0.00210799
-0.0412853,-0.00423187,0.00495425
-0.0399053,-0.00563793,0.00769932
-0.0381412,-0.00697445,0.0103048
-0.0360149,-0.00821519,0.0127335
-0.0335561,-0.00933078,0.0149506
-0.0308023,-0.0102887,0.0169239
-0.0278002,-0.0110538,0.018625
-0.0246057,-0.0115889,0.0200312
-0.0212844,-0.011856,0.0211233
-0.0179111,-0.0118188,0.0218935
-0.0145702,-0.0114449,0.0223297
-0.0113506,-0.0107103,0.022454
-0.00835306,-0.00960321,0.0222321
-0.00566641,-0.00813382,0.0217836
-0.00341451,-0.00633462,0.0208858
-0.00163925,-0.00428923,0.020124
-0.000571171,-0.00209919,0.0181873
0,0,0.0181873
0,0,-0.0244773
-0.00066362,0.00295427,-0.0244773
-0.00189213,0.00583842,-0.0266913
-0.00391222,0.0084391,-0.027523
-0.00644494,0.0106683,-0.0285078
-0.00943694,0.0124553,-0.0289855
-0.0127461,0.0137799,-0.0292325
-0.0162761,0.0146442,-0.0291257
-0.0199203,0.0150718,-0.0287165
-0.0235876,0.0150976,-0.0279864
-0.0271928,0.0147637,-0.0269522
-0.0306619,0.0141143,-0.0256208
-0.0339296,0.013193,-0.0240088
-0.0369405,0.0120412,-0.0221338
-0.0396475,0.0106964,-0.0200178
-0.0420114,0.0091926,-0.0176855
-0.0440001,0.00755967,-0.0151645
-0.0455879,0.00582431,-0.0124848
-0.0467545,0.00401053,-0.00967909
-0.0474849,0.00214054,-0.00678172
-0.0477687,0.000235629,-0.00382898
-0.0476003,-0.00168292,-0.000858569
-0.0469788,-0.00359288,0.00209079
-0.0459084,-0.00547026,0.00497971
-0.0443991,-0.00728851,0.00776871
-0.0424667,-0.00901783,0.0104187
-0.0401347,-0.0106247,0.0128918
-0.037434,-0.0120717,0.0151519
-0.0344048,-0.0133173,0.0171657
-0.0310968,-0.0143168,0.0189031
-0.0275698,-0.0150231,0.0203395
-0.0238949,-0.0153883,0.0214533
-0.0201526,-0.0153665,0.0222345
-0.016435,-0.0149167,0.0226664
-0.0128397,-0.0140079,0.0227702
-0.00947851,-0.0126233,0.0225001
-0.00645124,-0.0107702,0.0219866
-0.00390068,-0.00847999,0.0209639
-0.00187814,-0.00583501,0.0200996
-0.000655859,-0.00293425,0.0178754
0,0,0.0178754
0,0,-0.0245506
-0.000742081,0.00390389,-0.0245506
-0.00211536,0.00758225,-0.0270369
-0.00436937,0.010837,-0.0279676
-0.00718568,0.0135881,-0.0290737
-0.0105013,0.0157724,-0.0296157
-0.0141553,0.0173762,-0.0299109
-0.0180404,0.0184093,-0.0298253
-0.0220392,0.0189039,-0.0294215
-0.0260528,0.0189044,-0.0286817
-0.0299895,0.0184631,-0.0276266
-0.0337701,0.0176341,-0.0262651
-0.0373256,0.0164712,-0.0246156
-0.0405973,0.0150249,-0.0226969
-0.0435358,0.0133415,-0.020532
-0.0461003,0.0114625,-0.0181459
-0.0482572,0.00942472,-0.0155668
-0.0499798,0.00726095,-0.0128251
-0.051247,0.00500066,-0.00995337
-0.0520428,0.00267107,-0.00698652
-0.0523565,0.000298263,-0.00396109
-0.0521817,-0.00209166,-0.000915196
-0.051517,-0.00447149,0.00211186
-0.0503664,-0.00681177,0.00507996
-0.0487393,-0.00907987,0.00794866
-0.0466519,-0.0112391,0.0106777
-0.0441279,-0.0132483,0.0132278
-0.0411994,-0.0150611,0.0155612
-0.0379081,-0.0166265,0.0176425
-0.0343065,-0.0178893,0.0194396
-0.030458,-0.0187913,0.0209253
-0.0264383,-0.0192737,0.0220751
-0.0223344,-0.0192795,0.0228764
-0.0182462,-0.0187577,0.0233079
-0.0142804,-0.0176687,0.0233903
-0.010561,-0.0159887,0.0230673
-0.00719996,-0.0137197,0.0224817
-0.00435934,-0.0108895,0.0213281
-0.00210011,-0.00757695,0.0203564
-0.000733143,-0.00387657,0.0178541
0,0,0.0178541
0,0,-0.0249806
-0.000816566,0.00495589,-0.0249806
-0.0023296,0.00951404,-0.0277344
-0.00481229,0.0134885,-0.0287676
-0.00790866,0.0168089,-0.0299992
-0.0115461,0.019421,-0.0306098
-0.0155443,0.0213206,-0.0309556
-0.0197846,0.0225273,-0.0308908
-0.0241379,0.0230844,-0.0304882
-0.0284969,0.0230477,-0.0297301
-0.0327632,0.022481,-0.0286417
-0.0368526,0.0214502,-0.0272334
-0.0406921,0.0200201,-0.025526
-0.0442204,0.0182513,-0.0235396
-0.0473863,0.0161993,-0.0212984
-0.0501475,0.0139139,-0.0188285
-0.0524697,0.0114392,-0.0161588
-0.0543254,0.00881402,-0.0133202
-0.0556929,0.00607356,-0.0103461
-0.0565559,0.0032501,-0.00727194
-0.0569028,0.000374523,-0.00413494
-0.0567268,-0.0025223,-0.000974025
-0.0560256,-0.0054081,0.00217053
-0.0548025,-0.00824791,0.00525744
-0.0530661,-0.0110028,0.00824481
-0.0508322,-0.0136291,0.0110907
-0.0481243,-0.016077,0.0137538
-0.0449748,-0.0182912,0.0161939
-0.0414267,-0.02021,0.0183733
-0.0375344,-0.0217668,0.0202567
-0.0333648,-0.0228912,0.0218141
-0.0289985,-0.0235116,0.0230172
-0.024529,-0.0235588,0.0238509
-0.0200646,-0.0229698,0.0242889
-0.0157225,-0.0216945,0.0243519
-0.0116397,-0.0196997,0.0239737
-0.00794134,-0.0169806,0.0233109
-0.00480979,-0.0135589,0.0220201
-0.0023158,-0.00950925,0.0209356
-0.00080732,-0.00492114,0.0181562
0,0,0.0181562
0,0,-0.0257915
-0.000890848,0.00610808,-0.0257915
-0.00254437,0.0116317,-0.028815
-0.00525846,0.0163931,-0.0299535
-0.00863996,0.0203319,-0.0313136
-0.0126063,0.023404,-0.0319942
-0.0169575,0.0256167,-0.03239
-0.021562,0.0270022,-0.032342
-0.0262786,0.0276167,-0.0319333
-0.0309911,0.0275299,-0.031146
-0.0355937,0.026819,-0.0300095
-0.039997,0.0255631,-0.0285361
-0.0441243,0.0238392,-0.026749
-0.0479119,0.0217192,-0.0246699
-0.051307,0.0192687,-0.0223246
-0.0542665,0.016546,-0.0197405
-0.0567556,0.0136027,-0.0169474
-0.0587465,0.0104842,-0.0139774
-0.0602173,0.00723127,-0.0108647
-0.0611513,0.00388108,-0.00764561
-0.0615364,0.00046922,-0.00435835
-0.061365,-0.00296879,-0.00104296
-0.0606338,-0.00639578,0.00225896
-0.0593448,-0.00977128,0.00550456
-0.0575057,-0.0130501,0.00865009
-0.0551308,-0.016181,0.0116514
-0.052243,-0.0191057,0.0144647
-0.0488743,-0.0217587,0.0170468
-0.0450682,-0.024067,0.0193567
-0.040881,-0.0259512,0.0213557
-0.0363826,-0.0273273,0.02301
-0.0316588,-0.0281094,0.0242873
-0.0268097,-0.0282138,0.0251691
-0.0219534,-0.0275635,0.0256245
-0.0172181,-0.0260956,0.0256738
-0.0127557,-0.0237656,0.0252415
-0.00870575,-0.0205596,0.0244991
-0.00527219,-0.0164921,0.0230656
-0.00253604,-0.0116329,0.0218631
-0.000882623,-0.00606733,0.018799
0,0,0.018799
0,0,-0.0270097
-0.000968347,0.007363,-0.0270097
-0.00276862,0.0139406,-0.0303141
-0.00572481,0.0195589,-0.031562
-0.00940519,0.0241677,-0.033055
-0.0137168,0.0277339,-0.0338063
-0.0184383,0.0302784,-0.0342498
-0.0234249,0.0318477,-0.0342128
-0.0285219,0.0325139,-0.0337883
-0.0336034,0.0323626,-0.0329584
-0.0385559,0.0314869,-0.0317567
-0.0432845,0.0299808,-0.0301976
-0.0477091,0.027935,-0.0283068
-0.0517637,0.025434,-0.0261082
-0.0553944,0.022554,-0.0236293
-0.0585576,0.0193626,-0.020899
-0.0612186,0.0159192,-0.0179485
-0.0633496,0.0122758,-0.0148111
-0.064929,0.00847848,-0.0115221
-0.0659398,0.00456932,-0.00811893
-0.0663693,0.00058827,-0.00464116
-0.0662092,-0.00342483,-0.00113015
-0.0654548,-0.00742816,0.00237088
-0.0641065,-0.011376,0.00581718
-0.0621702,-0.0152167,0.00916274
-0.0596584,-0.0188917,0.0123608
-0.0565922,-0.0223335,0.0153643
-0.0530029,-0.0254658,0.0181268
-0.0489336,-0.0282032,0.0206034
-0.0444418,-0.0304523,0.0227508
-0.0396005,-0.0321134,0.0245312
-0.0345005,-0.0330843,0.0259073
-0.0292494,-0.0332645,0.026857
-0.0239755,-0.0325606,0.0273437
-0.0188198,-0.0308942,0.0273882
-0.0139507,-0.0282074,0.0269045
-0.00952372,-0.024475,0.026081
-0.00576652,-0.0197033,0.0244973
-0.00277127,-0.0139577,0.0231698
-0.000962986,-0.00731992,0.0198027
0,0,0.0198027
0,0,-0.0286615
-0.00105224,0.00872715,-0.0286615
-0.00301083,0.0164526,-0.0322664
-0.00622757,0.0230021,-0.0336297
-0.0102291,0.0283359,-0.0352616
-0.014911,0.0324321,-0.0360834
-0.0200291,0.0353273,-0.0365712
-0.0254235,0.037085,-0.036537
-0.0309251,0.0377958,-0.0360848
-0.0363975,0.0375638,-0.0351964
-0.041719,0.0365003,-0.03391
-0.0467893,0.0347164,-0.0322423
-0.0515247,0.0323185,-0.0302221
-0.0558574,0.0294045,-0.0278753
-0.0597328,0.0260627,-0.0252317
-0.0631075,0.0223703,-0.0223219
-0.0659473,0.0183948,-0.0191786
-0.0682252,0.0141947,-0.0158366
-0.0699198,0.00982148,-0.0123325
-0.0710143,0.00532152,-0.0087052
-0.0714958,0.000738712,-0.00499545
-0.0713547,-0.00388323,-0.00124632
-0.0705849,-0.0084983,0.00249717
-0.0691846,-0.0130558,0.00618806
-0.0671571,-0.0174981,0.00977778
-0.0645123,-0.0217589,0.0132165
-0.0612689,-0.0257612,0.0164535
-0.0574559,-0.0294173,0.0194383
-0.0531159,-0.032628,0.0221214
-0.0483065,-0.0352842,0.0244545
-0.0431035,-0.0372687,0.0263944
-0.0376026,-0.0384604,0.0278984
-0.0319194,-0.0387392,0.0289399
-0.0261937,-0.0379922,0.0294761
-0.0205804,-0.0361228,0.0295274
-0.0152664,-0.0330566,0.0289972
-0.0104259,-0.0287558,0.028092
-0.00631262,-0.0232167,0.0263484
-0.00303173,-0.0165012,0.0248866
-0.00105219,-0.00868838,0.0211875
0,0,0.0211875
0,0,-0.030778
-0.0011455,0.010211,-0.030778
-0.00327906,0.0191862,-0.0347121
-0.00678237,0.0267471,-0.0361981
-0.0111357,0.0328644,-0.037977
-0.0162215,0.0375284,-0.0388689
-0.0217701,0.0407934,-0.0393965
-0.0276052,0.0427427,-0.0393553
-0.0335417,0.0434885,-0.038861
-0.039432,0.0431565,-0.0378957
-0.0451458,0.0418789,-0.0365025
-0.0505771,0.0397866,-0.034701
-0.055639,0.0370032,-0.0325232
-0.0602624,0.0336421,-0.0299975
-0.0643928,0.0298042,-0.0271562
-0.0679876,0.0255772,-0.0240317
-0.0710138,0.021037,-0.0206588
-0.0734457,0.0162484,-0.0170735
-0.075263,0.0112677,-0.0133142
-0.0764492,0.00614549,-0.00942089
-0.0769911,0.000928739,-0.0054361
-0.076878,-0.00433565,-0.0014045
-0.076102,-0.00959815,0.0026269
-0.0746585,-0.0148037,0.00660876
-0.0725475,-0.0198889,0.0104897
-0.0697753,-0.0247798,0.0142163
-0.0663568,-0.0293898,0.017734
-0.0623181,-0.0336187,0.0209874
-0.0576994,-0.0373526,0.0239217
-0.0525582,-0.0404645,0.0264827
-0.0469719,-0.0428174,0.0286212
-0.041041,-0.0442682,0.0302876
-0.0348897,-0.0446739,0.0314499
-0.0286699,-0.0438987,0.0320578
-0.0225523,-0.041824,0.0321314
-0.016745,-0.0383563,0.0315612
-0.011443,-0.0334421,0.0305743
-0.00693044,-0.0270668,0.0286585
-0.00332758,-0.0192893,0.0270508
-0.00115397,-0.0101871,0.0229794
0,0,0.0229794
0,0,-0.0333965
-0.00125103,0.0118287,-0.0333965
-0.00358113,0.0221663,-0.0376968
-0.00740435,0.0308259,-0.0393149
-0.012148,0.0377895,-0.0412506
-0.0176792,0.0430606,-0.0422118
-0.0236996,0.0467138,-0.0427734
-0.0300145,0.0488557,-0.0427129
-0.0364212,0.0496233,-0.0421599
-0.0427599,0.0491677,-0.0410963
-0.0488912,0.0476455,-0.0395716
-0.0547039,0.0452097,-0.0376082
-0.0601084,0.0420039,-0.035242
-0.0650349,0.0381584,-0.0325044
-0.0694297,0.0337879,-0.0294302
-0.0732523,0.0289914,-0.0260543
-0.0764717,0.0238531,-0.022413
-0.0790642,0.018444,-0.0185444
-0.0810112,0.0128251,-0.014488
-0.0822972,0.00704979,-0.0102856
-0.0829088,0.00116767,-0.00598108
-0.0828341,-0.0047722,-0.00162082
-0.0820631,-0.0107177,0.00274611
-0.0805877,-0.0166102,0.00706793
-0.0784038,-0.0223812,0.0112902
-0.0755128,-0.0279494,0.0153557
-0.0719247,-0.0332182,0.0192056
-0.0676609,-0.0380745,0.0227789
-0.062758,-0.0423879,0.0260148
-0.0572715,-0.0460116,0.0288521
-0.0512799,-0.0487859,0.0312344
-0.0448879,-0.0505424,0.0331039
-0.0382279,-0.0511109,0.0344222
-0.0314653,-0.0503285,0.0351297
-0.0247884,-0.0480505,0.0352455
-0.018429,-0.0441598,0.0346447
-0.0126064,-0.0385852,0.0335773
-0.00764042,-0.0312984,0.0314745
-0.0036693,-0.022356,0.0297067
-0.00127214,-0.0118351,0.0252111
0,0,0.0252111
0,0,-0.0365627
-0.00137171,0.0135982,-0.0365627
-0.00392483,0.0254236,-0.0412747
-0.0081085,0.0352781,-0.0430357
-0.0132885,0.0431551,-0.0451397
-0.0193142,0.0490736,-0.0461686
-0.025854,0.0531318,-0.0467568
-0.0326925,0.0554633,-0.0466622
-0.0396077,0.0562346,-0.0460305
-0.0464268,0.0556264,-0.0448441
-0.0530012,0.0538232,-0.0431596
-0.0592148,0.0510038,-0.0410031
-0.0649757,0.0473343,-0.0384149
-0.070215,0.0429635,-0.0354298
-0.074881,0.0380216,-0.0320854
-0.078936,0.0326192,-0.0284189
-0.0823526,0.026849,-0.024469
-0.0851102,0.020788,-0.0202752
-0.0871926,0.0145008,-0.0158787
-0.0885858,0.00804318,-0.0113224
-0.0892766,0.00146583,-0.00665179
-0.0892522,-0.00518119,-0.0019148
-0.0884998,-0.0118444,0.00283756
-0.0870073,-0.0184628,0.00755108
-0.0847654,-0.0249635,0.0121682
-0.0817694,-0.0312586,0.0166279
-0.0780225,-0.0372415,0.0208662
-0.0735395,-0.0427854,0.0248165
-0.0683515,-0.0477419,0.0284108
-0.0625105,-0.0519424,0.03158
-0.0560938,-0.0552011,0.034259
-0.0492097,-0.0573199,0.0363805
-0.0419986,-0.0580971,0.0378975
-0.0346399,-0.057337,0.0387394
-0.0273413,-0.0548635,0.0389229
-0.0203616,-0.0505314,0.0383047
-0.0139487,-0.0442471,0.03716
-0.00846389,-0.0359668,0.0348536
-0.00406789,-0.0257442,0.0329095
-0.00141075,-0.0136568,0.0279259
0,0,0.0279259
0,0,-0.0403328
-0.00151052,0.0155409,-0.0403328
-0.00431809,0.0289954,-0.0455104
-0.00890975,0.0401502,-0.0474262
-0.0145795,0.0490126,-0.0497111
-0.0211549,0.0556189,-0.0508043
-0.0282666,0.0600956,-0.0514092
-0.0356758,0.0626083,-0.0512624
-0.0431391,0.0633585,-0.0505282
-0.0504698,0.0625611,-0.0491905
-0.0575102,0.0604337,-0.0473142
-0.0641401,0.0571843,-0.0449297
-0.0702668,0.0530043,-0.0420825
-0.0758232,0.0480637,-0.0388111
-0.0807615,0.042509,-0.0351566
-0.0850486,0.0364632,-0.0311586
-0.0886618,0.0300274,-0.0268578
-0.091585,0.0232841,-0.0222955
-0.0938056,0.0163008,-0.0175141
-0.0953118,0.00913398,-0.0125578
-0.0960913,0.00183429,-0.00747325
-0.0961302,-0.00554892,-0.00230972
-0.0954126,-0.0129625,0.00288012
-0.0939222,-0.0203443,0.00803983
-0.0916429,-0.0276189,0.0131088
-0.0885624,-0.0346921,0.0180221
-0.0846751,-0.0414479,0.0227107
-0.0799872,-0.0477453,0.0271013
-0.0745214,-0.0534168,0.0311184
-0.0683237,-0.0582692,0.0346835
-0.0614683,-0.0620867,0.0377214
-0.054065,-0.0646373,0.0401531
-0.0462613,-0.0656815,0.0419212
-0.038251,-0.0649845,0.042941
-0.030263,-0.0623323,0.0432256
-0.0225869,-0.0575448,0.0426086
-0.0155034,-0.0505012,0.0413933
-0.00942335,-0.041138,0.0388658
-0.00453515,-0.0295055,0.0367275
-0.0015742,-0.0156817,0.0311797
0,0,0.0311797
0,0,-0.0447766
-0.00167058,0.0176822,-0.0447766
-0.00476905,0.0329246,-0.0504817
-0.00982312,0.0454961,-0.0525646
-0.0160423,0.0554197,-0.0550431
-0.0232284,0.0627529,-0.0561946
-0.0309678,0.0676565,-0.0568028
-0.0389954,0.0703344,-0.0565809
-0.0470445,0.0710295,-0.0557156
-0.054914,0.0699974,-0.054193
-0.0624377,0.0674938,-0.052088
-0.069492,0.0637604,-0.0494362
-0.0759855,0.0590175,-0.0462892
-0.081855,0.0534583,-0.0426896
-0.0870583,0.0472471,-0.038682
-0.091569,0.0405196,-0.034309
-0.095371,0.0333855,-0.0296132
-0.0984545,0.0259319,-0.0246374
-0.100811,0.0182278,-0.0194252
-0.102434,0.0103291,-0.0140216
-0.10331,0.00228434,-0.00847404
-0.103426,-0.0058597,-0.00283267
-0.102763,-0.0140522,0.0028486
-0.101298,-0.0222323,0.00851149
-0.0990091,-0.0303231,0.0140927
-0.0958734,-0.0382261,0.0195236
-0.0918747,-0.0458165,0.0247298
-0.0870074,-0.0529388,0.0296313
-0.0812832,-0.0594052,0.0341439
-0.0747383,-0.0649954,0.0381786
-0.0674408,-0.0694599,0.0416484
-0.0594992,-0.0725267,0.04446
-0.0510666,-0.073912,0.0465435
-0.042351,-0.0733338,0.0477963
-0.0336036,-0.0705317,0.0482255
-0.0251486,-0.0652826,0.0476364
-0.0173052,-0.0574312,0.0463629
-0.0105426,-0.046889,0.043597
-0.00508383,-0.0337009,0.0412463
-0.00176731,-0.0179451,0.0350453
0,0,0.0350453
0,0,-0.0499796
-0.00185519,0.0200513,-0.0499796
-0.00528611,0.0372604,-0.0562819
-0.0108636,0.0513756,-0.058544
-0.0176977,0.0624393,-0.0612275
-0.0255588,0.0705357,-0.0624272
-0.0339825,0.075867,-0.06302
-0.0426742,0.0786836,-0.0626939
-0.0513414,0.0792781,-0.0616626
-0.0597691,0.0779542,-0.0599152
-0.067783,0.075012,-0.0575386
-0.0752586,0.0707322,-0.054575
-0.0821077,0.0653674,-0.0510826
-0.0882736,0.0591365,-0.0471087
-0.0937225,0.052223,-0.0427021
-0.0984371,0.044776,-0.037908
-0.10241,0.036913,-0.0327711
-0.10564,0.0287246,-0.0273354
-0.108125,0.0202801,-0.0216453
-0.109861,0.0116327,-0.0157463
-0.11084,0.00282675,-0.00968578
-0.111047,-0.00609615,-0.00351431
-0.11046,-0.0150901,0.0027137
-0.109051,-0.0240977,0.00893882
-0.106788,-0.0330434,0.0150957
-0.103637,-0.0418262,0.0211123
-0.0995692,-0.0503137,0.0269092
-0.0945633,-0.0583366,0.0323994
-0.0886161,-0.0656857,0.0374895
-0.0817502,-0.0721113,0.0420787
-0.0740231,-0.0773258,0.0460661
-0.0655384,-0.0810111,0.0493418
-0.0564514,-0.0828307,0.0518195
-0.0469832,-0.082446,0.0533749
-0.0374082,-0.0795393,0.0540061
-0.0280891,-0.0738338,0.0534827
-0.0193889,-0.0651304,0.0521716
-0.0118464,-0.0533078,0.0491531
-0.00572764,-0.0384015,0.0465724
-0.00199543,-0.0204887,0.0396167
0,0,0.0396167
0,0,-0.0560472
-0.00206787,0.0226816,-0.0560472
-0.00587796,0.0420579,-0.0630241
-0.0120461,0.0578546,-0.0654752
-0.0195648,0.0701387,-0.0683723
-0.0281667,0.0790281,-0.0696037
-0.0373288,0.0847767,-0.0701549
-0.0467234,0.0876917,-0.0696874
-0.0560311,0.0881255,-0.0684465
-0.0650229,0.0864388,-0.0664264
-0.0735187,0.0829836,-0.0637281
-0.0813956,0.0780852,-0.0604014
-0.0885718,0.0720327,-0.0565123
-0.0950004,0.0650732,-0.0521136
-0.100659,0.0574106,-0.0472581
-0.105543,0.0492073,-0.0419941
-0.109656,0.0405884,-0.0363679
-0.113006,0.0316466,-0.0304246
-0.115601,0.0224492,-0.0242089
-0.117444,0.0130447,-0.0177657
-0.118527,0.00347055,-0.0111422
-0.118838,-0.00623974,-0.0043881
-0.118351,-0.0160482,0.00244259
-0.117033,-0.0259043,0.00929029
-0.11484,-0.0357367,0.0160886
-0.111728,-0.0454446,0.0227627
-0.107648,-0.0548902,0.029229
-0.102563,-0.0638916,0.0353934
-0.09645,-0.0722181,0.0411529
-0.0893119,-0.0795881,0.0463937
-0.0811904,-0.0856718,0.0509993
-0.0721787,-0.0900979,0.0548397
-0.0624302,-0.0924682,0.0578089
-0.0521759,-0.0923752,0.0597552
-0.041713,-0.0894311,0.0606634
-0.031446,-0.0832914,0.0602591
-0.0217882,-0.0737,0.0589437
-0.0133602,-0.0604922,0.0556641
-0.00648113,-0.0436882,0.052839
-0.00226436,-0.0233608,0.0450148
0,0,0.0450148
0,0,-0.0631092
-0.00231236,0.0256105,-0.0631092
-0.00655345,0.0473777,-0.0708443
-0.0133846,0.0650035,-0.0734906
-0.0216599,0.0785865,-0.0766043
-0.0310663,0.088289,-0.0778417
-0.0410137,0.094429,-0.0783148
-0.0511381,0.0973841,-0.0776572
-0.0610921,0.0975788,-0.0761524
-0.0706343,0.0954415,-0.0738011
-0.0795817,0.0913849,-0.0707216
-0.0878167,0.0857852,-0.0669724
-0.0952683,0.0789723,-0.0626285
-0.101903,0.0712239,-0.0577486
-0.107715,0.0627654,-0.0523902
-0.112713,0.0537725,-0.0466041
-0.116918,0.0443763,-0.0404384
-0.120348,0.0346702,-0.0339387
-0.123024,0.0247173,-0.027149
-0.124954,0.0145586,-0.0201135
-0.126138,0.00422147,-0.0128774
-0.126563,-0.00627193,-0.0054888
-0.126202,-0.0168952,0.00200007
-0.125014,-0.0276085,0.00953086
-0.122947,-0.0383484,0.0170374
-0.119939,-0.0490182,0.0244437
-0.115925,-0.0594776,0.0316627
-0.110844,-0.0695344,0.0385941
-0.104648,-0.0789369,0.0451253
-0.0973157,-0.0873706,0.0511284
-0.0888659,-0.094459,0.0564695
-0.0793739,-0.0997708,0.060995
-0.0689842,-0.102835,0.064575
-0.0579332,-0.103161,0.067024
-0.0465386,-0.100275,0.0683078
-0.0352489,-0.0937468,0.0680969
-0.0245334,-0.0832459,0.0668283
-0.0151087,-0.0685492,0.0632895
-0.00735936,-0.0496518,0.0602122
-0.00258036,-0.0266169,0.0513946
0,0,0.0513946
0,0,-0.071325
-0.00259262,0.0288795,-0.071325
-0.00732149,0.0532853,-0.0799073
-0.014892,0.0728954,-0.0827485
-0.0239953,0.0878501,-0.0860727
-0.0342631,0.09837,-0.087277
-0.0450293,0.104855,-0.0876209
-0.0558909,0.107768,-0.0867095
-0.0664723,0.107623,-0.0848718
-0.0765231,0.104928,-0.0821177
-0.0858615,0.100166,-0.0785854
-0.0943808,0.0937716,-0.074344
-0.102026,0.0861192,-0.0694788
-0.108782,0.0775197,-0.0640547
-0.114663,0.0682205,-0.058134
-0.119697,0.0584098,-0.0517701
-0.123922,0.0482233,-0.0450126
-0.127375,0.0377528,-0.0379065
-0.130085,0.0270546,-0.0304949
-0.132073,0.016159,-0.0228196
-0.133345,0.00507983,-0.0149231
-0.13389,-0.00617572,-0.00684999
-0.13368,-0.0175971,0.00135072
-0.132667,-0.0291594,0.00962377
-0.130788,-0.040812,0.0179052
-0.127967,-0.0524666,0.0261196
-0.124115,-0.0639851,0.0341783
-0.119147,-0.0751683,0.0419759
-0.112985,-0.0857457,0.049391
-0.105574,-0.0953695,0.0562814
-0.096902,-0.103614,0.0624937
-0.0870175,-0.109979,0.0678477
-0.0760469,-0.11391,0.0721846
-0.0642238,-0.114819,0.075277
-0.0518815,-0.112122,0.0770651
-0.0395126,-0.105283,0.0771506
-0.0276478,-0.093874,0.0760045
-0.0171145,-0.0775918,0.0722253
-0.00837737,-0.056392,0.0688988
-0.00295002,-0.0303195,0.0589549
0,0,0.0589549
0,0,-0.0808909
-0.00291291,0.0325348,-0.0808909
-0.00819094,0.0598507,-0.0904123
-0.0165793,0.0816039,-0.0934376
-0.0265768,0.0979909,-0.096952
-0.0377499,0.10931,-0.0980655
-0.0493464,0.116063,-0.0982089
-0.0609232,0.118825,-0.0969597
-0.0720784,0.118212,-0.094701
-0.0825574,0.11483,-0.0914549
-0.0921864,0.109243,-0.0873834
-0.100876,0.101949,-0.0825675
-0.108594,0.0933732,-0.0771039
-0.115351,0.0838606,-0.0710645
-0.121184,0.0736804,-0.0645163
-0.126147,0.063032,-0.0575151
-0.130297,0.0520538,-0.050111
-0.13369,0.0408329,-0.0423481
-0.136371,0.0294157,-0.0342672
-0.138373,0.0178186,-0.0259067
-0.139709,0.00603811,-0.0173045
-0.140372,-0.00593778,-0.00850043
-0.140333,-0.0181187,0.000462169
-0.139542,-0.0304998,0.00953336
-0.137924,-0.0430486,0.0186538
-0.135386,-0.055691,0.0277515
-0.131816,-0.0682968,0.0367383
-0.1271,-0.0806648,0.0455064
-0.121124,-0.0925099,0.0539267
-0.113795,-0.103453,0.0618434
-0.105058,-0.113015,0.0690827
-0.0949225,-0.120625,0.0754345
-0.0834854,-0.12563,0.0807054
-0.0709654,-0.127324,0.084618
-0.0577023,-0.124994,0.0870772
-0.0442298,-0.117965,0.0875999
-0.0311431,-0.105683,0.0866864
-0.0193956,-0.0877351,0.0827109
-0.00954946,-0.0640161,0.0791558
-0.00338016,-0.0345383,0.0679487
0,0,0.0679487
0,0,-0.0920495
-0.00327794,0.0366261,-0.0920495
-0.00917062,0.0671461,-0.102602
-0.0184545,0.0911992,-0.105785
-0.0294019,0.109058,-0.109448
-0.0415019,0.121125,-0.110386
-0.0539073,0.128035,-0.11023
-0.0661354,0.130498,-0.108532
-0.0777626,0.129258,-0.105739
-0.0885386,0.125035,-0.10189
-0.0983063,0.118485,-0.097173
-0.107003,0.110179,-0.0916845
-0.114627,0.100593,-0.085533
-0.12122,0.090109,-0.0787974
-0.126851,0.079016,-0.0715495
-0.1316,0.0675225,-0.0638468
-0.13555,0.0557662,-0.0557391
-0.138777,0.0438267,-0.0472688
-0.141344,0.031737,-0.0384727
-0.143296,0.0194956,-0.0293845
-0.144657,0.0070781,-0.0200359
-0.145427,-0.00555106,-0.0104593
-0.145578,-0.0184265,-0.000690299
-0.145055,-0.0315685,0.00922933
-0.143775,-0.0449689,0.0192481
-0.141629,-0.0585746,0.0293006
-0.138483,-0.0722703,0.0393031
-0.134189,-0.0858602,0.0491483
-0.128594,-0.0990509,0.0587026
-0.121557,-0.111436,0.0677982
-0.112972,-0.122486,0.0762408
-0.102796,-0.13155,0.0837881
-0.0910778,-0.137869,0.0902069
-0.0780057,-0.140598,0.0951598
-0.0639113,-0.138866,0.0985052
-0.049361,-0.131825,0.0996552
-0.0350134,-0.118752,0.0991311
-0.0219631,-0.0990894,0.0950413
-0.0108883,-0.0726353,0.0913047
-0.00387768,-0.0393493,0.0787
0,0,0.0787
0,0,-0.105099
-0.00369315,0.041208,-0.105099
-0.0102695,0.0752453,-0.116771
-0.020522,0.101744,-0.120061
-0.0324559,0.12108,-0.123798
-0.0454704,0.133799,-0.12444
-0.0586155,0.140705,-0.123847
-0.0713731,0.142677,-0.121553
-0.083307,0.140617,-0.118079
-0.0941829,0.135373,-0.113487
-0.103873,0.127707,-0.107996
-0.112353,0.118269,-0.101718
-0.119661,0.10759,-0.0947737
-0.125877,0.0960838,-0.0872501
-0.131107,0.0840595,-0.0792226
-0.135463,0.0717304,-0.0707496
-0.139054,0.0592298,-0.0618797
-0.14198,0.0466257,-0.0526517
-0.144323,0.0339337,-0.0430973
-0.146143,0.021131,-0.0332433
-0.147475,0.00816828,-0.0231133
-0.148327,-0.00501768,-0.0127299
-0.148675,-0.018491,-0.002118
-0.148463,-0.0323027,0.00869205
-0.147602,-0.0464752,0.0196604
-0.145967,-0.0609838,0.0307324
-0.143405,-0.075737,0.0418335
-0.139733,-0.0905537,0.0528615
-0.134757,-0.105141,0.0636828
-0.128282,-0.119074,0.0741209
-0.120137,-0.131776,0.0839631
-0.110211,-0.142519,0.0929336
-0.0984871,-0.150422,0.100755
-0.0850995,-0.154487,0.107019
-0.0703498,-0.153648,0.111525
-0.054821,-0.146844,0.113557
-0.0392276,-0.133131,0.113641
-0.0248169,-0.111751,0.109573
-0.0124041,-0.0823614,0.105741
-0.00444954,-0.0448346,0.0916178
0,0,0.0916178
0,0,-0.120417
-0.00416542,0.0463385,-0.120417
-0.0114974,0.0842193,-0.133286
-0.0227814,0.113283,-0.136596
-0.0357086,0.134053,-0.140288
-0.0495747,0.147266,-0.140459
-0.0633233,0.153947,-0.139239
-0.0764105,0.155185,-0.136152
-0.0884029,0.152069,-0.131809
-0.0990993,0.1456,-0.126298
-0.108418,0.136655,-0.119873
-0.116385,0.125965,-0.112664
-0.123091,0.114116,-0.104805
-0.128662,0.101554,-0.0963894
-0.133245,0.0886002,-0.0874942
-0.136988,0.0754682,-0.0781779
-0.140028,0.0622824,-0.0684857
-0.14249,0.0490943,-0.0584512
-0.144475,0.0358985,-0.0480992
-0.14606,0.0226467,-0.0374473
-0.147291,0.00926138,-0.0265085
-0.148186,-0.00435187,-0.0152931
-0.148728,-0.0182908,-0.00381213
-0.148862,-0.0326424,0.00791938
-0.148497,-0.0474656,0.0198775
-0.147498,-0.0627725,0.0320236
-0.145693,-0.0785048,0.0442977
-0.142871,-0.0945079,0.0566095
-0.138793,-0.110502,0.0688313
-0.133205,-0.126056,0.0807841
-0.125865,-0.140556,0.0922406
-0.116576,-0.153199,0.102893
-0.10523,-0.162982,0.112417
-0.0918808,-0.168731,0.120325
-0.0767674,-0.169156,0.12634
-0.0604623,-0.162925,0.129591
-0.043719,-0.148813,0.130586
-0.0279418,-0.125789,0.126753
-0.0141033,-0.0932985,0.122969
-0.0051029,-0.0510793,0.107232
0,0,0.107232
0,0,-0.138464
-0.00470427,0.0520821,-0.138464
-0.0128661,0.0941357,-0.152584
-0.0252265,0.125841,-0.155776
-0.0391075,0.147926,-0.15923
-0.0536899,0.161393,-0.158684
-0.0678135,0.167551,-0.156576
-0.0809278,0.167752,-0.152438
-0.0926252,0.163307,-0.146982
-0.102762,0.155386,-0.140332
-0.111322,0.144992,-0.13278
-0.1184,0.13294,-0.124473
-0.124148,0.119865,-0.115559
-0.128749,0.106237,-0.106134
-0.132392,0.0923835,-0.0962759
-0.135262,0.078512,-0.0860403
-0.137529,0.0647312,-0.0754667
-0.139337,0.0510714,-0.064581
-0.140809,0.0375016,-0.0533984
-0.142035,0.0239452,-0.0419251
-0.143076,0.0102934,-0.0301606
-0.143959,-0.00358217,-0.0181
-0.144676,-0.0178161,-0.00573696
-0.14518,-0.0325349,0.00693264
-0.14538,-0.0478404,0.0199058
-0.145139,-0.0637885,0.0331656
-0.144272,-0.080365,0.0466737
-0.142544,-0.0974548,0.0603592
-0.139676,-0.114808,0.0741092
-0.135357,-0.132002,0.0877508
-0.129264,-0.148406,0.10105
-0.121101,-0.163152,0.113672
-0.110644,-0.175119,0.125244
-0.0978293,-0.182945,0.135196
-0.0827925,-0.185079,0.143152
-0.0660535,-0.179867,0.148063
-0.048372,-0.165716,0.150381
-0.0313011,-0.141228,0.147104
-0.0159879,-0.105537,0.143593
-0.0058457,-0.0581727,0.1262
0,0,0.1262
0,0,-0.159865
-0.00532371,0.0585064,-0.159865
-0.0143905,0.105048,-0.175253
-0.0278427,0.139396,-0.178105
-0.042569,0.162574,-0.181026
-0.0576292,0.175947,-0.17941
-0.0717752,0.181194,-0.17605
-0.084481,0.179991,-0.170515
-0.0953998,0.173903,-0.16363
-0.104477,0.164294,-0.155565
-0.111788,0.152291,-0.14665
-0.117513,0.138789,-0.137049
-0.121878,0.124462,-0.126918
-0.125124,0.109795,-0.116354
-0.127491,0.0951118,-0.105433
-0.129198,0.0806032,-0.094201
-0.130441,0.0663556,-0.08269
-0.131386,0.0523725,-0.0709143
-0.132172,0.0385938,-0.0588765
-0.132901,0.0249115,-0.0465685
-0.133647,0.0111838,-0.0339733
-0.134449,-0.00275285,-0.0210678
-0.135309,-0.0170714,-0.00782452
-0.13619,-0.0319405,0.00578398
-0.137009,-0.0475085,0.0197806
-0.137635,-0.0638824,0.0341768
-0.13788,-0.0811015,0.0489635
-0.137495,-0.0991045,0.064099
-0.136172,-0.117689,0.0794957
-0.133546,-0.136467,0.0949993
-0.129214,-0.154812,0.11038
-0.12277,-0.171816,0.125289
-0.11385,-0.186255,0.139308
-0.102232,-0.196577,0.151781
-0.0878971,-0.200943,0.16222
-0.0712505,-0.197316,0.16937
-0.0530037,-0.183636,0.173568
-0.0348286,-0.158015,0.171325
-0.0180537,-0.119134,0.168429
-0.00668743,-0.0661996,0.149418
0,0,0.149418
0,0,-0.185345
-0.00604576,0.065695,-0.185345
-0.0160916,0.117001,-0.201934
-0.0306005,0.153879,-0.204106
-0.0459599,0.177778,-0.206041
-0.0611141,0.190574,-0.202865
-0.0747639,0.194414,-0.197761
-0.0864573,0.191371,-0.190381
-0.0959583,0.183303,-0.181671
-0.10334,0.171771,-0.171857
-0.108799,0.158027,-0.161301
-0.11262,0.143028,-0.150184
-0.115109,0.127474,-0.138661
-0.116572,0.111848,-0.126826
-0.117293,0.0964548,-0.114742
-0.117523,0.0814598,-0.102445
-0.11748,0.0669179,-0.089951
-0.117344,0.0528004,-0.0772599
-0.117264,0.0390142,-0.0643575
-0.117352,0.025419,-0.0512178
-0.117692,0.0118394,-0.0378047
-0.118331,-0.00192261,-0.024073
-0.119285,-0.0160779,-0.00997125
-0.120531,-0.0308374,0.00455564
-0.122003,-0.0463976,0.0195616
-0.123582,-0.0629204,0.0350927
-0.125092,-0.0805074,0.0511777
-0.126286,-0.0991648,0.0678145
-0.12684,-0.118759,0.0849545
-0.126352,-0.13896,0.102477
-0.124347,-0.159183,0.120175
-0.120306,-0.178516,0.137699
-0.113708,-0.195659,0.154601
-0.104134,-0.208892,0.170147
-0.0913465,-0.216076,0.18372
-0.0755535,-0.214731,0.193843
-0.0573342,-0.20222,0.200659
-0.0384138,-0.176005,0.20014
-0.0202894,-0.134111,0.198368
-0.00764172,-0.075252,0.177929
0,0,0.177929
0,0,-0.216109
-0.00690376,0.0737244,-0.216109
-0.0179952,0.129982,-0.233692
-0.0334426,0.169103,-0.23465
-0.0490678,0.193152,-0.234894
-0.0637287,0.204718,-0.229448
-0.0761462,0.206544,-0.221908
-0.0860159,0.201174,-0.212084
-0.0932797,0.190782,-0.201035
-0.0981856,0.177128,-0.189056
-0.101081,0.161566,-0.176529
-0.102367,0.145094,-0.163641
-0.102439,0.12841,-0.150537
-0.101661,0.111975,-0.137292
-0.100354,0.0960585,-0.123952
-0.0987924,0.080786,-0.11053
-0.0972051,0.0661732,-0.097021
-0.0957783,0.0521534,-0.0834038
-0.0946615,0.0385989,-0.069643
-0.0939708,0.0253365,-0.0556909
-0.0937925,0.0121595,-0.0414884
-0.0941836,-0.00116233,-0.0269656
-0.0951721,-0.014874,-0.0120434
-0.0967528,-0.0292258,0.00336457
-0.0988817,-0.0444603,0.0193481
-0.101467,-0.0607955,0.0359943
-0.104357,-0.0784,0.0533784
-0.107327,-0.0973584,0.0715501
-0.11006,-0.117625,0.0905147
-0.112141,-0.13896,0.110206
-0.113046,-0.160858,0.130459
-0.112154,-0.182452,0.150957
-0.108784,-0.202424,0.171237
-0.102287,-0.218927,0.190518
-0.0921409,-0.229532,0.208035
-0.0782514,-0.231288,0.222096
-0.060945,-0.220856,0.232536
-0.0418792,-0.19486,0.234757
-0.0226691,-0.15038,0.234867
-0.00872697,-0.0853899,0.213415
0,0,0.213415
0,0,-0.253252
-0.00794972,0.082733,-0.253252
-0.020128,0.143977,-0.271294
-0.0362473,0.184791,-0.270231
-0.0515337,0.208146,-0.26774
-0.0648286,0.217627,-0.259077
-0.0749982,0.216716,-0.248212
-0.0819876,0.208501,-0.235218
-0.0860007,0.195475,-0.221237
-0.0875092,0.179571,-0.206637
-0.0870365,0.162207,-0.191797
-0.0851092,0.144384,-0.176894
-0.0822031,0.126766,-0.162039
-0.0787306,0.109762,-0.147279
-0.0750353,0.0935854,-0.132623
-0.0713977,0.0783097,-0.118053
-0.0680423,0.0639024,-0.103534
-0.0651475,0.0502553,-0.0890163
-0.0628532,0.0372051,-0.0744386
-0.0612686,0.024548,-0.0597273
-0.0604773,0.01205,-0.0447971
-0.0605406,-0.00054567,-0.0295507
-0.0614977,-0.0135119,-0.0138789
-0.0633636,-0.0271315,0.00233872
-0.0661231,-0.0416874,0.0192315
-0.069721,-0.0574494,0.0369331
-0.0740482,-0.074653,0.0555728
-0.0789231,-0.0934674,0.0752634
-0.0840687,-0.11395,0.0960799
-0.0890893,-0.13598,0.118032
-0.0934483,-0.159176,0.141028
-0.0964592,-0.182781,0.164815
-0.0972972,-0.205532,0.188953
-0.09507,-0.225535,0.212658
-0.0889159,-0.240132,0.235018
-0.0783196,-0.2459,0.254175
-0.0631946,-0.238695,0.2695
-0.04493,-0.214084,0.275891
-0.0251432,-0.167809,0.278981
-0.00997267,-0.0967197,0.257413
0,0,0.257413
0,0,-0.299812
-0.00925101,0.092755,-0.299812
-0.0224939,0.158717,-0.317238
-0.0387658,0.200297,-0.312843
-0.0527535,0.221781,-0.305909
-0.0634195,0.228126,-0.292594
-0.0699791,0.223689,-0.277093
-0.0727576,0.21215,-0.259917
-0.0723174,0.196286,-0.242208
-0.0693948,0.178147,-0.224412
-0.064703,0.159152,-0.206849
-0.058883,0.140247,-0.189655
-0.0524733,0.122021,-0.172878
-0.0459087,0.104798,-0.156506
-0.0395311,0.0887171,-0.140492
-0.0336035,0.0737855,-0.124773
-0.0283262,0.0599162,-0.10927
-0.0238512,0.0469582,-0.0938983
-0.0202947,0.0347145,-0.078562
-0.0177473,0.0229556,-0.0631579
-0.0162814,0.0114269,-0.0475714
-0.0159562,-0.000146269,-0.0316755
-0.0168196,-0.0120551,-0.0153287
-0.0189069,-0.0246042,0.00162561
-0.0222361,-0.0381062,0.0193594
-0.0267985,-0.0528731,0.0380574
-0.0325434,-0.0691999,0.0579109
-0.0393573,-0.0873388,0.0791076
-0.0470353,-0.107458,0.101811
-0.0552467,-0.129577,0.126134
-0.063496,-0.153481,0.152092
-0.0710871,-0.178591,0.179551
-0.0771038,-0.203799,0.208142
-0.0804346,-0.227281,0.237161
-0.0798554,-0.246267,0.265563
-0.0743113,-0.256942,0.291436
-0.0631145,-0.254302,0.313461
-0.0470762,-0.232654,0.326222
-0.0275988,-0.185876,0.33397
-0.0114076,-0.109169,0.313871
0,0,0.313871
0,0,-0.356605
-0.010888,0.104121,-0.356605
-0.0250035,0.174059,-0.370998
-0.0404317,0.214925,-0.361442
-0.051615,0.23292,-0.347751
-0.0578655,0.234865,-0.328147
-0.0590539,0.226093,-0.306604
-0.0560269,0.21086,-0.284288
-0.0497963,0.192131,-0.262167
-0.0413767,0.171971,-0.240747
-0.0316562,0.151709,-0.220209
-0.0213554,0.132166,-0.20061
-0.0110347,0.113802,-0.181887
-0.00111204,0.0968284,-0.163945
0.00810895,0.081288,-0.146661
0.0164131,0.0671116,-0.129907
0.0236501,0.0541558,-0.113553
0.0297147,0.0422284,-0.0974682
0.0345308,0.0311046,-0.0815209
0.0380393,0.0205368,-0.0655742
0.0401887,0.0102595,-0.0494831
0.0409291,-8.50268e-06,-0.0330902
0.0402085,-0.0105641,-0.0162225
0.0379728,-0.0217197,0.00131261
0.0341692,-0.0338027,0.0197294
0.0287538,-0.0471514,0.0392648
0.0217058,-0.062106,0.0601751
0.0130488,-0.07899,0.0827302
0.00288132,-0.0980775,0.107194
-0.00857952,-0.11954,0.133808
-0.0209465,-0.143359,0.162725
-0.0335961,-0.169199,0.193989
-0.0456144,-0.196215,0.227361
-0.0557496,-0.222814,0.262337
-0.0624584,-0.246304,0.297778
-0.0640725,-0.26266,0.33196
-0.0591252,-0.266075,0.362613
-0.0474165,-0.249457,0.384593
-0.0297811,-0.204164,0.39927
-0.0130578,-0.122968,0.383911
0,0,0.383911
0,0,-0.434391
-0.0128708,0.116342,-0.434391
-0.0273159,0.18857,-0.441142
-0.0401297,0.226568,-0.423012
-0.0462335,0.239114,-0.398243
-0.0456339,0.235416,-0.369328
-0.0392789,0.221743,-0.339214
-0.0286545,0.202801,-0.310048
-0.015275,0.18156,-0.282321
-0.00039311,0.159944,-0.25653
0.0149887,0.139077,-0.23257
0.0301426,0.119581,-0.210333
0.0445518,0.101738,-0.189574
0.0578732,0.0856203,-0.170063
0.0698873,0.0711625,-0.151564
0.080464,0.0582185,-0.13386
0.0895309,0.0465921,-0.116754
0.0970511,0.0360579,-0.100059
0.103005,0.0263731,-0.0835999
0.107377,0.0172836,-0.0672039
0.110146,0.00852564,-0.0506934
0.111278,-0.000174822,-0.0338811
0.110724,-0.00910492,-0.0165622
0.108414,-0.0185681,0.00149119
0.104261,-0.0288874,0.0205362
0.0981689,-0.0404065,0.040864
0.0900366,-0.0534874,0.0628011
0.0797825,-0.068502,0.0867108
0.0673706,-0.0858105,0.112978
0.0528571,-0.105723,0.142004
0.0364489,-0.128426,0.174136
0.0185947,-0.153871,0.209678
7.19279e-05,-0.181572,0.248626
-0.0178755,-0.210341,0.290866
-0.0335288,-0.23782,0.335258
-0.0446304,-0.260101,0.380659
-0.0488417,-0.270828,0.423455
-0.0444099,-0.261598,0.459761
-0.0310957,-0.220589,0.485361
-0.0148312,-0.137274,0.480416
0,0,0.480416
0,0,-0.525558
-0.0149497,0.130631,-0.525558
-0.0282996,0.202169,-0.515096
-0.0352497,0.234102,-0.485056
-0.0329071,0.23874,-0.445087
-0.0223277,0.228159,-0.405198
-0.00600927,0.209303,-0.365402
0.0139377,0.187021,-0.329109
0.0355508,0.164,-0.29584
0.057477,0.141821,-0.265997
0.0787275,0.121269,-0.239048
0.0986826,0.102687,-0.214664
0.116961,0.0861454,-0.192372
0.133365,0.0715588,-0.171789
0.147812,0.0587556,-0.152551
0.160291,0.0475197,-0.134352
0.170836,0.0376139,-0.116922
0.179494,0.0287932,-0.100025
0.186316,0.0208111,-0.0834439
0.191338,0.0134214,-0.0669739
0.194576,0.00637644,-0.0504112
0.19602,-0.000575684,-0.0335441
0.195624,-0.00769654,-0.0161435
0.193312,-0.0152629,0.00204593
0.18897,-0.023573,0.0213152
0.182449,-0.0329521,0.0419999
0.173572,-0.0437565,0.064487
0.162149,-0.0563742,0.0892238
0.147994,-0.0712172,0.116709
0.13097,-0.0887013,0.147507
0.11104,-0.109198,0.182168
0.0883742,-0.132951,0.221305
0.0634511,-0.159896,0.265211
0.0372886,-0.189412,0.314343
0.0114995,-0.219771,0.36767
-0.011284,-0.247645,0.425271
-0.028013,-0.266654,0.481857
-0.0348735,-0.267524,0.537126
-0.0300495,-0.234706,0.577464
-0.0163309,-0.153165,0.594361
0,0,0.594361
0,0,-0.680958
-0.0159932,0.142494,-0.680958
-0.0253467,0.207859,-0.634192
-0.021217,0.230201,-0.58174
-0.00588408,0.225285,-0.514475
0.0183227,0.207891,-0.456067
0.0469441,0.18492,-0.400923
0.0774967,0.160827,-0.35397
0.107797,0.137668,-0.31291
0.136656,0.116483,-0.277693
0.163302,0.0976281,-0.247009
0.187383,0.0811388,-0.220085
0.208764,0.0668732,-0.196072
0.227467,0.0546099,-0.174332
0.243593,0.0440951,-0.154318
0.257284,0.0350694,-0.135596
0.268693,0.0272794,-0.117804
0.277965,0.0204829,-0.100642
0.28522,0.0144494,-0.0838476
0.290552,0.00895821,-0.067182
0.294014,0.0037941,-0.0504153
0.29562,-0.00125738,-0.0333133
0.295338,-0.00641623,-0.015624
0.293086,-0.0119149,0.00293422
0.288732,-0.0180061,0.0226864
0.282087,-0.0249709,0.0440159
0.272911,-0.0331271,0.0673773
0.260912,-0.0428372,0.0933174
0.245761,-0.0545128,0.122479
0.227116,-0.0686132,0.155638
0.204662,-0.0856263,0.193642
0.178207,-0.106023,0.237555
0.147772,-0.130136,0.288191
0.113893,-0.157959,0.346968
0.077677,-0.188628,0.413337
0.0416931,-0.219889,0.489604
0.00915535,-0.246176,0.568433
-0.0137925,-0.258469,0.656239
-0.023545,-0.237911,0.722924
-0.0161286,-0.165007,0.782874
0,0,0.782874
0,0,-0.816035
-0.0119003,0.158688,-0.816035
-0.0105551,0.209665,-0.702963
0.013314,0.217203,-0.62971
0.0470338,0.200749,-0.536129
0.0879373,0.176836,-0.465159
0.129831,0.151186,-0.400342
0.170638,0.127084,-0.348143
0.208478,0.105567,-0.303876
0.242722,0.0869393,-0.267089
0.273076,0.0710715,-0.23579
0.299611,0.0576903,-0.208894
0.322531,0.0464716,-0.185307
0.342121,0.0370952,-0.164241
0.358688,0.0292633,-0.145048
0.372527,0.0227072,-0.12723
0.383905,0.0171862,-0.110385
0.393051,0.0124851,-0.0941868
0.40015,0.00840869,-0.0783585
0.405338,0.00477749,-0.0626545
0.408703,0.00142184,-0.0468419
0.41028,-0.00182367,-0.030686
0.410049,-0.00512646,-0.0139361
0.407933,-0.00866282,0.00368939
0.403791,-0.0126256,0.0225181
0.397416,-0.0172331,0.0429417
0.388526,-0.0227394,0.0654336
0.376763,-0.0294459,0.0905769
0.361688,-0.0377153,0.119077
0.342788,-0.0479843,0.151825
0.319491,-0.0607726,0.189838
0.291228,-0.0766814,0.234494
0.257478,-0.096343,0.286991
0.218076,-0.120325,0.349644
0.17318,-0.148738,0.422369
0.124589,-0.180824,0.510474
0.0744793,-0.212849,0.604499
0.0306509,-0.237708,0.723609
-0.00295958,-0.234738,0.81464
-0.00963622,-0.179897,0.950545
0,0,0.950545
0,0,-1.22636
0.0076246,0.146662,-1.22636
0.0298894,0.173608,-0.959917
0.0837444,0.167814,-0.819313
0.140267,0.145803,-0.656673
0.198886,0.121946,-0.545892
0.252674,0.0995308,-0.452781
0.301134,0.0801494,-0.383224
0.343416,0.0638838,-0.327824
0.37989,0.0504756,-0.284182
0.410985,0.0395214,-0.248633
0.43731,0.0306227,-0.219119
0.459445,0.0234223,-0.193889
0.477941,0.0176144,-0.171747
0.493285,0.0129419,-0.151784
0.505893,0.00918819,-0.13334
0.516114,0.00617008,-0.11591
0.52423,0.00373052,-0.0991081
0.530462,0.00173261,-0.0826207
0.534969,5.42091e-05,-0.0661799
0.537857,-0.00141688,-0.0495395
0.539172,-0.00278752,-0.0324546
0.538904,-0.00416401,-0.0146636
0.536985,-0.0056571,0.00413056
0.533281,-0.00738785,0.02428
0.527585,-0.0094945,0.0462161
0.519611,-0.0121411,0.070476
0.508976,-0.0155284,0.0977456
0.495188,-0.0199084,0.128894
0.477634,-0.0256024,0.165072
0.455556,-0.0330232,0.20771
0.428076,-0.042699,0.258866
0.394154,-0.0552858,0.320729
0.352841,-0.0715587,0.397433
0.303041,-0.0922416,0.490823
0.245109,-0.117801,0.611597
0.178751,-0.14686,0.750084
0.111931,-0.175879,0.946008
0.0452965,-0.187565,1.10993
0.0140544,-0.161465,1.41314
0,0,1.41314
0,0,-1.20411
0.0805729,0.157088,-1.20411
0.144351,0.145704,-0.791141
0.235534,0.121518,-0.665859
0.310661,0.0942469,-0.509443
0.378509,0.0719992,-0.418856
0.434869,0.054432,-0.342846
0.482231,0.0409007,-0.288488
0.521385,0.0305184,-0.245599
0.55377,0.0225396,-0.212289
0.580454,0.0163951,-0.185348
0.60242,0.0116542,-0.16313
0.620462,0.00799883,-0.144222
0.63524,0.00518965,-0.127686
0.647291,0.00304493,-0.112809
0.657047,0.00142331,-0.0990771
0.664853,0.000212533,-0.0861026
0.670976,-0.00067883,-0.0735879
0.675623,-0.00132719,-0.0612938
0.678939,-0.00179828,-0.0490166
0.68102,-0.00215066,-0.0365694
0.681912,-0.00243866,-0.0237669
0.681611,-0.00271525,-0.0104102
0.680062,-0.00303501,0.00372719
0.677157,-0.00345753,0.0189153
0.672726,-0.00405165,0.0354872
0.666523,-0.00490106,0.0538608
0.658218,-0.00611206,0.0745747
0.647369,-0.0078251,0.0983181
0.633403,-0.010231,0.126021
0.61557,-0.0135969,0.158849
0.592925,-0.0182995,0.198552
0.564217,-0.0248807,0.246997
0.528024,-0.0341002,0.308111
0.482256,-0.047006,0.383543
0.425588,-0.0649428,0.485769
0.354137,-0.0890316,0.604042
0.272491,-0.120215,0.798376
0.169101,-0.149267,0.950336
0.094296,-0.164935,1.41027
0,0,1.41027
0,0,-2.77287
0.282512,-0.0434373,-2.77287
0.37888,-0.0314384,-1.59717
0.49375,-0.0249454,-1.2105
0.569823,-0.0196797,-0.860502
0.630707,-0.0177046,-0.663525
0.676131,-0.0166345,-0.521891
0.711391,-0.0161996,-0.427496
0.738695,-0.015906,-0.359394
0.760136,-0.0156408,-0.309563
0.777065,-0.0153071,-0.271235
0.790519,-0.0148744,-0.240583
0.801249,-0.0143235,-0.214908
0.80982,-0.0136494,-0.192477
0.816656,-0.0128528,-0.172099
0.82208,-0.0119383,-0.152965
0.826337,-0.010913,-0.134511
0.829611,-0.00978492,-0.116332
0.832037,-0.00856237,-0.0981238
0.83371,-0.00725286,-0.0796408
0.834688,-0.00586261,-0.0606647
0.834999,-0.00439601,-0.0409786
0.834637,-0.00285528,-0.0203448
0.833568,-0.0012401,0.00151686
0.831719,0.000452602,0.0249528
0.82898,0.0022289,0.050405
0.825189,0.00409787,0.0784475
0.820125,0.00607159,0.109843
0.813484,0.0081642,0.145609
0.804856,0.0103918,0.187162
0.793676,0.0127671,0.236424
0.779178,0.0153046,0.29632
0.760256,0.0179964,0.370687
0.735468,0.020872,0.466681
0.702405,0.0238667,0.59151
0.658708,0.027312,0.768134
0.597857,0.0310116,0.999161
0.520867,0.0374993,1.3941
0.399441,0.0440792,1.80558
0.298913,0.0559544,3.0351
0,0,3.0351
1,0,0
1,0,0
1,0,0
1,0,0
1,0,0
1,0,0
1,0,0
1,0,0
1,0,0
1,0,0
1,0,0
1,0,0
1,0,0
1,0,0
1,0,0
1,0,0
1,0,0
1,0,0
1,0,0
1,0,0
1,0,0
1,0,0
1,0,0
1,0,0
1,0,0
1,0,0
1,0,0
1,0,0
1,0,0
1,0,0
1,0,0
1,0,0
1,0,0
1,0,0
1,0,0
1,0,0
1,0,0
1,0,0
1,0,0
1,0,0
1,0,0
